url,article
https://sokolov.ru/jewelry-catalog/product/1022206-3/,1022206-3
https://sokolov.ru/jewelry-catalog/product/1012584-3/,1012584-3
https://sokolov.ru/jewelry-catalog/product/019243/,019243
https://sokolov.ru/jewelry-catalog/product/036552/,036552
https://sokolov.ru/jewelry-catalog/product/019263/,019263
https://sokolov.ru/jewelry-catalog/product/0200136/,0200136
https://sokolov.ru/jewelry-catalog/product/110260-3/,110260-3
https://sokolov.ru/jewelry-catalog/product/110260/,110260
https://sokolov.ru/jewelry-catalog/product/110261/,110261
https://sokolov.ru/jewelry-catalog/product/110262-3/,110262-3
https://sokolov.ru/jewelry-catalog/product/732930/,732930
https://sokolov.ru/jewelry-catalog/product/793163/,793163
https://sokolov.ru/jewelry-catalog/product/792410/,792410
https://sokolov.ru/jewelry-catalog/product/792416/,792416
https://sokolov.ru/jewelry-catalog/product/1021969-3/,1021969-3
https://sokolov.ru/jewelry-catalog/product/1012355-3/,1012355-3
https://sokolov.ru/jewelry-catalog/product/1022152-3/,1022152-3
https://sokolov.ru/jewelry-catalog/product/1012564-3/,1012564-3
https://sokolov.ru/jewelry-catalog/product/1022204/,1022204
https://sokolov.ru/jewelry-catalog/product/1012616/,1012616
https://sokolov.ru/jewelry-catalog/product/1011510/,1011510
https://sokolov.ru/jewelry-catalog/product/1022206/,1022206
https://sokolov.ru/jewelry-catalog/product/1012584/,1012584
https://sokolov.ru/jewelry-catalog/product/1022152/,1022152
https://sokolov.ru/jewelry-catalog/product/1012564/,1012564
https://sokolov.ru/jewelry-catalog/product/1021939/,1021939
https://sokolov.ru/jewelry-catalog/product/1012306/,1012306
https://sokolov.ru/jewelry-catalog/product/1021969/,1021969
https://sokolov.ru/jewelry-catalog/product/1012355/,1012355
https://sokolov.ru/jewelry-catalog/product/1011553/,1011553
https://sokolov.ru/jewelry-catalog/product/1021913-3/,1021913-3
https://sokolov.ru/jewelry-catalog/product/1030802/,1030802
https://sokolov.ru/jewelry-catalog/product/1030928-3/,1030928-3
https://sokolov.ru/jewelry-catalog/product/1030718/,1030718
https://sokolov.ru/jewelry-catalog/product/1021913/,1021913
https://sokolov.ru/jewelry-catalog/product/1011804/,1011804
https://sokolov.ru/jewelry-catalog/product/1030928/,1030928
https://sokolov.ru/jewelry-catalog/product/1030801/,1030801
https://sokolov.ru/jewelry-catalog/product/019467/,019467
https://sokolov.ru/jewelry-catalog/product/0200353/,0200353
https://sokolov.ru/jewelry-catalog/product/036439/,036439
https://sokolov.ru/jewelry-catalog/product/051367/,051367
https://sokolov.ru/jewelry-catalog/product/019424/,019424
https://sokolov.ru/jewelry-catalog/product/0200217/,0200217
https://sokolov.ru/jewelry-catalog/product/029503/,029503
https://sokolov.ru/jewelry-catalog/product/070308/,070308
https://sokolov.ru/jewelry-catalog/product/029432/,029432
https://sokolov.ru/jewelry-catalog/product/029805/,029805
https://sokolov.ru/jewelry-catalog/product/026946/,026946
https://sokolov.ru/jewelry-catalog/product/121498/,121498
https://sokolov.ru/jewelry-catalog/product/71-00082/,71-00082
https://sokolov.ru/jewelry-catalog/product/72-00098/,72-00098
https://sokolov.ru/jewelry-catalog/product/0200104/,0200104
https://sokolov.ru/jewelry-catalog/product/0200103/,0200103
https://sokolov.ru/jewelry-catalog/product/110032/,110032
https://sokolov.ru/jewelry-catalog/product/1114002-01/,1114002-01
https://sokolov.ru/jewelry-catalog/product/1114007-01/,1114007-01
https://sokolov.ru/jewelry-catalog/product/581070502/,581070502
https://sokolov.ru/jewelry-catalog/product/582011006/,582011006
https://sokolov.ru/jewelry-catalog/product/582040802/,582040802
https://sokolov.ru/jewelry-catalog/product/582100602/,582100602
https://sokolov.ru/jewelry-catalog/product/94021746/,94021746
https://sokolov.ru/jewelry-catalog/product/94025798/,94025798
https://sokolov.ru/jewelry-catalog/product/94023515/,94023515
https://sokolov.ru/jewelry-catalog/product/94010609/,94010609
https://sokolov.ru/jewelry-catalog/product/94013635/,94013635
https://sokolov.ru/jewelry-catalog/product/94013221/,94013221
https://sokolov.ru/jewelry-catalog/product/94012051/,94012051
https://sokolov.ru/jewelry-catalog/product/94013245/,94013245
https://sokolov.ru/jewelry-catalog/product/94070663/,94070663
https://sokolov.ru/jewelry-catalog/product/94013270/,94013270
https://sokolov.ru/jewelry-catalog/product/94021890/,94021890
https://sokolov.ru/jewelry-catalog/gold/outlet-23/?stock=Y,https:sokolov.rujewelry-cataloggoldoutlet-23?stock=Y
https://sokolov.ru/jewelry-catalog/gold/outlet-23/?stock=Y,https:sokolov.rujewelry-cataloggoldoutlet-23?stock=Y
https://sokolov.ru/jewelry-catalog/gold/outlet-23/?stock=Y,https:sokolov.rujewelry-cataloggoldoutlet-23?stock=Y
https://sokolov.ru/jewelry-catalog/svoboda/?stock=Y&sort=new_up,https:sokolov.rujewelry-catalogsvoboda?stock=Y&sort=new_up
https://sokolov.ru/jewelry-catalog/svoboda/?stock=Y&sort=new_up,https:sokolov.rujewelry-catalogsvoboda?stock=Y&sort=new_up
https://sokolov.ru/jewelry-catalog/svoboda/?stock=Y&sort=new_up,https:sokolov.rujewelry-catalogsvoboda?stock=Y&sort=new_up
https://sokolov.ru/watch-catalog/watches/?stock=Y,https:sokolov.ruwatch-catalogwatches?stock=Y
https://sokolov.ru/watch-catalog/watches/?stock=Y,https:sokolov.ruwatch-catalogwatches?stock=Y
https://sokolov.ru/watch-catalog/watches/?stock=Y,https:sokolov.ruwatch-catalogwatches?stock=Y
https://sokolov.ru/jewelry-catalog/chains/?stock=Y,https:sokolov.rujewelry-catalogchains?stock=Y
https://sokolov.ru/jewelry-catalog/chains/?stock=Y,https:sokolov.rujewelry-catalogchains?stock=Y
https://sokolov.ru/jewelry-catalog/chains/?stock=Y,https:sokolov.rujewelry-catalogchains?stock=Y
https://sokolov.ru/jewelry-catalog/product/725373/,725373
https://sokolov.ru/jewelry-catalog/product/94011721/,94011721
https://sokolov.ru/jewelry-catalog/product/1012572/,1012572
https://sokolov.ru/jewelry-catalog/product/1022153/,1022153
https://sokolov.ru/jewelry-catalog/product/1030634/,1030634
https://sokolov.ru/jewelry-catalog/product/1030635/,1030635
https://sokolov.ru/jewelry-catalog/product/1030717/,1030717
https://sokolov.ru/jewelry-catalog/product/1030780/,1030780
https://sokolov.ru/jewelry-catalog/product/1030852/,1030852
https://sokolov.ru/jewelry-catalog/product/72-00002/,72-00002
https://sokolov.ru/jewelry-catalog/product/727443/,727443
https://sokolov.ru/jewelry-catalog/product/727663/,727663
https://sokolov.ru/jewelry-catalog/product/94032905/,94032905
https://sokolov.ru/jewelry-catalog/product/94050983/,94050983
https://sokolov.ru/jewelry-catalog/product/94051012/,94051012
https://sokolov.ru/jewelry-catalog/product/94110002/,94110002
https://sokolov.ru/jewelry-catalog/product/94023515-91/,94023515-91
https://sokolov.ru/jewelry-catalog/product/1012545-3/,1012545-3
https://sokolov.ru/jewelry-catalog/product/94021746-91/,94021746-91
https://sokolov.ru/jewelry-catalog/product/1012545/,1012545
https://sokolov.ru/jewelry-catalog/product/1012306-3/,1012306-3
https://sokolov.ru/jewelry-catalog/product/1021939-3/,1021939-3
https://sokolov.ru/jewelry-catalog/product/1022153-3/,1022153-3
https://sokolov.ru/jewelry-catalog/product/1022266/,1022266
https://sokolov.ru/jewelry-catalog/product/1022266-3/,1022266-3
https://sokolov.ru/jewelry-catalog/product/728920/,728920
https://sokolov.ru/jewelry-catalog/product/732877/,732877
https://sokolov.ru/jewelry-catalog/product/732882/,732882
https://sokolov.ru/jewelry-catalog/product/732885/,732885
https://sokolov.ru/jewelry-catalog/product/1011553-2/,1011553-2
https://sokolov.ru/jewelry-catalog/product/1030852-3/,1030852-3
https://sokolov.ru/jewelry-catalog/product/94011721-91/,94011721-91
https://sokolov.ru/jewelry-catalog/product/94013635-91/,94013635-91
https://sokolov.ru/jewelry-catalog/product/94025798-91/,94025798-91
https://sokolov.ru/jewelry-catalog/product/94032905-91/,94032905-91
https://sokolov.ru/jewelry-catalog/product/94070663-91/,94070663-91
https://sokolov.ru/jewelry-catalog/product/94012051-91/,94012051-91
https://sokolov.ru/jewelry-catalog/product/94013221-91/,94013221-91
https://sokolov.ru/jewelry-catalog/product/94013270-91/,94013270-91
https://sokolov.ru/jewelry-catalog/product/94021890-91/,94021890-91
https://sokolov.ru/jewelry-catalog/product/94051012-91/,94051012-91
https://sokolov.ru/jewelry-catalog/product/1022266-2/,1022266-2
https://sokolov.ru/jewelry-catalog/product/94050983-91/,94050983-91
https://sokolov.ru/jewelry-catalog/product/94010609-91/,94010609-91
https://sokolov.ru/jewelry-catalog/product/94013245-91/,94013245-91
