links,price
/catalog/product/kolca_2155372/,32 270
/catalog/product/kolca_2150980/,25 020
/catalog/product/kolca_2253156/,20 500
/catalog/product/kolca_7248203/,31 300
/catalog/product/cepochki_2207738/,62 340
/catalog/product/cepochki_2252700/,71 790
/catalog/product/sergi_10019962/,62 990
/catalog/product/cepochki_2201519/,95 200
/catalog/product/kolca_10019969/,36 990
/catalog/product/sergi_9197336/,45 490
/catalog/product/sergi_9611049/,27 490
/catalog/product/sergi_8902030/,31 190
/catalog/product/braslety_2208732/,44 190
/catalog/product/krestiki_7497392/,24 990
/catalog/product/sergi_8436777/,33 490
/catalog/product/kolca_2157484/,13 990
/catalog/product/kolca_8581388/,23 680
/catalog/product/braslety_2201508/,31 660
/catalog/product/sergi_10039223/,62 990
/catalog/product/cepochki_2201520/,93 880
/catalog/product/sergi_10038682/,44 990
/catalog/product/sergi_9197337/,43 990
/catalog/product/kolca_9202127/,24 990
/catalog/product/kolca_8902027/,20 890
/catalog/product/sergi_9398729/,25 490
/catalog/product/kolca_8375422/,13 390
/catalog/product/sergi_2154376/,13 090
/catalog/product/krestiki_8590083/,28 490
/catalog/product/kolca_2153682/,17 160
/catalog/product/cepochki_2204131/,89 100
/catalog/product/cepochki_2201522/,52 440
/catalog/product/braslety_8419435/,61 690
/catalog/product/kolca_10184078/,36 990
/catalog/product/podveski-i-kulony_10038680/,23 990
/catalog/product/kolca_9301993/,17 390
/catalog/product/kolca_9398757/,16 890
/catalog/product/kolca_2039848/,26 090
/catalog/product/kolca_2042886/,11 490
/catalog/product/kolca_2045265/,15 990
/catalog/product/kolca_2045313/,8 490
/catalog/product/podveski-i-kulony_2143881/,3 390
/catalog/product/podveski-i-kulony_2144571/,13 390
/catalog/product/kolca_2150978/,12 570
/catalog/product/kolca_2150987/,10 570
/catalog/product/kolca_2152174/,12 620
/catalog/product/kolca_9035662/,17 290
/catalog/product/sergi_9169926/,61 990
/catalog/product/sergi_9197781/,49 990
/catalog/product/sergi_9278834/,58 590
/catalog/product/krestiki_8590085/,29 990
/catalog/product/cepochki_2207710/,30 250
/catalog/product/kolca_9120343/,21 150
/catalog/product/cepochki_2210313/,33 840
/catalog/product/braslety_2201890/,64 080
/catalog/product/braslety_8490898/,48 960
/catalog/product/cepochki_7720708/,337 890
/catalog/product/sergi_10038776/,48 990
/catalog/product/kolca_2158905/,19 700
/catalog/product/cepochki_8376998/,205 410
/catalog/product/cepochki_8376994/,137 010
/catalog/product/kolca_9645410/,45 090
/catalog/product/cepochki_2210319/,32 100
/catalog/product/kolca_2155420/,30 700
/catalog/product/kolca_7087417/,26 220
/catalog/product/kolca_9120342/,6 890
/catalog/product/podveski-i-kulony_10039218/,15 990
/catalog/product/kolca_9203933/,29 990
/catalog/product/sergi_10038778/,48 690
/catalog/product/kolca_8705695/,61 690
/catalog/product/sergi_9302290/,31 590
/catalog/product/sergi_8972875/,16 590
/catalog/product/sergi_9555139/,138 690
/catalog/product/sergi_9553219/,135 190
/catalog/product/kolca_9202985/,23 990
/catalog/product/braslety_2202363/,41 190
/catalog/product/sergi_8915091/,14 590
/catalog/product/sergi_9197809/,29 790
/catalog/product/sergi_8590235/,19 590
/catalog/product/sergi_9197918/,37 990
/catalog/product/podveski-i-kulony_9197347/,15 990
/catalog/product/sergi_3258107/,31 390
/catalog/product/krestiki_7502690/,28 190
/catalog/product/sergi_9196745/,64 090
/catalog/product/sergi_9196785/,13 990
/catalog/product/sergi_8972874/,22 790
/catalog/product/braslety_2202362/,39 790
/catalog/product/sergi_9398467/,7 990
/catalog/product/krestiki_8590084/,26 790
/catalog/product/sergi_9551719/,39 190
/catalog/product/kolca_9202982/,25 990
/catalog/product/sergi_9005109/,18 190
/catalog/product/sergi_9639633/,14 590
/catalog/product/krestiki_2209976/,27 490
/catalog/product/krestiki_8590200/,36 190
/catalog/product/kolca_9203936/,24 990
/catalog/product/sergi_9197810/,29 990
/catalog/product/krestiki_6827285/,49 990
/catalog/product/krestiki_2206409/,16 090
/catalog/product/sergi_9551889/,73 290
/catalog/product/sergi_9197271/,15 990
/catalog/product/sergi_8791093/,14 390
/catalog/product/cepochki_2207707/,23 180
/catalog/product/cepochki_2203563/,55 160
/catalog/product/cepochki_2210320/,45 370
/catalog/product/cepochki_2210314/,47 870
/catalog/product/cepochki_2201521/,21 600
/catalog/product/cepochki_2206546/,38 190
/catalog/product/cepochki_7897105/,26 970
/catalog/product/cepochki_2210318/,21 980
/catalog/product/braslety_2201506/,26 880
/catalog/product/kolca_9641313/,60 790
/catalog/product/cepochki_2207704/,20 570
/catalog/product/cepochki_2252695/,58 970
/catalog/product/braslety_2201504/,76 700
/catalog/product/cepochki_8963757/,63 760
/catalog/product/cepochki_2201523/,32 860
/catalog/product/cepochki_2210316/,19 040
/catalog/product/cepochki_9358965/,57 010
/catalog/product/cepochki_2210311/,19 040
/catalog/product/cepochki_2204115/,21 980
/catalog/product/cepochki_2202209/,32 320
/catalog/product/cepochki_3235762/,37 210
/catalog/product/braslety_7126223/,52 790
/catalog/product/cepochki_2207705/,22 960
/catalog/product/cepochki_9064684/,23 500
/catalog/product/cepochki_2207706/,29 700
/catalog/product/braslety_2210295/,15 890
/catalog/product/cepochki_2204130/,36 500
/catalog/product/braslety_2203624/,98 350
/catalog/product/cepochki_2201516/,91 220
/catalog/product/cepochki_2210315/,79 970
/catalog/product/cepochki_2209455/,82 150
/catalog/product/cepochki_2210321/,12 190
/catalog/product/braslety_2203621/,20 210
/catalog/product/braslety_2201507/,18 170
/catalog/product/braslety_2202156/,14 580
/catalog/product/kolca_9069267/,17 480
/catalog/product/sergi_10020261/,89 490
/catalog/product/sergi_10194444/,21 990
/catalog/product/kolca_9302635/,32 490
/catalog/product/sergi_9645503/,39 990
/catalog/product/kolca_9300167/,16 790
/catalog/product/sergi_8586906/,36 690
/catalog/product/sergi_9398459/,13 990
/catalog/product/sergi_8582232/,22 090
/catalog/product/sergi_8959114/,18 690
/catalog/product/sergi_8918637/,38 690
/catalog/product/sergi_8740507/,40 990
/catalog/product/kolca_9204234/,88 990
/catalog/product/kolca_7752546/,21 810
/catalog/product/kolca_10038772/,21 990
/catalog/product/kolca_8924860/,5 590
/catalog/product/kolca_9204236/,102 990
/catalog/product/sergi_8806049/,23 490
/catalog/product/kole_8970277/,21 490
/catalog/product/sergi_9066880/,32 390
/catalog/product/kolca_9398457/,15 290
/catalog/product/sergi_8924230/,32 090
/catalog/product/sergi_6827572/,14 190
/catalog/product/sergi_9235275/,31 990
/catalog/product/kolca_2156318/,25 620
/catalog/product/kolca_8740503/,31 790
/catalog/product/sergi_9551710/,147 990
/catalog/product/kolca_9137191/,11 490
/catalog/product/sergi_3258222/,31 590
/catalog/product/sergi_8576868/,11 490
/catalog/product/kolca_9302509/,32 390
/catalog/product/sergi_8733862/,51 690
/catalog/product/podveski-i-kulony_9197811/,12 590
/catalog/product/sergi_7980136/,32 790
/catalog/product/kolca_9554966/,73 990
/catalog/product/sergi_9081677/,38 990
/catalog/product/sergi_9197154/,19 990
/catalog/product/sergi_9197776/,16 990
/catalog/product/kolca_9552098/,27 590
/catalog/product/kolca_8917344/,19 390
/catalog/product/kolca_9551716/,29 190
/catalog/product/kolca_8855184/,15 190
/catalog/product/sergi_9611716/,39 390
/catalog/product/sergi_9302291/,21 290
/catalog/product/braslety_2206526/,42 290
/catalog/product/sergi_8582227/,22 490
/catalog/product/krestiki_2209563/,29 390
/catalog/product/sergi_8797906/,20 490
/catalog/product/sergi_9197619/,76 990
/catalog/product/podveski-i-kulony_9197326/,12 090
/catalog/product/sergi_9398458/,21 590
/catalog/product/braslety_2206538/,39 990
/catalog/product/sergi_8695189/,42 990
/catalog/product/krestiki_2206411/,9 890
/catalog/product/kolca_9552076/,28 890
/catalog/product/podveski-i-kulony_9076513/,57 690
/catalog/product/podveski-i-kulony_9562605/,47 790
/catalog/product/kolca_9204028/,18 390
/catalog/product/sergi_9303285/,39 990
/catalog/product/kolca_10019951/,29 990
/catalog/product/kolca_10038649/,27 990
/catalog/product/krestiki_2206405/,17 590
/catalog/product/kolca_8525191/,40 790
/catalog/product/kolca_10016221/,17 090
/catalog/product/kolca_2377944/,39 350
/catalog/product/krestiki_2209966/,31 390
/catalog/product/kolca_9203919/,66 990
/catalog/product/kolca_9551711/,59 990
/catalog/product/sergi_2144682/,38 790
/catalog/product/kolca_9203935/,17 990
/catalog/product/podveski-i-kulony_10194442/,19 990
/catalog/product/krestiki_2206412/,7 790
/catalog/product/sergi_8832144/,28 990
/catalog/product/krestiki_2209972/,19 290
/catalog/product/sergi_8443446/,41 790
/catalog/product/krestiki_2207789/,20 290
/catalog/product/krestiki_7735261/,19 890
/catalog/product/krestiki_2206410/,8 590
/catalog/product/sergi_9354965/,52 990
/catalog/product/sergi_9197779/,73 990
/catalog/product/kolca_10086322/,39 990
/catalog/product/sergi_7914594/,17 790
/catalog/product/krestiki_7735282/,16 190
/catalog/product/krestiki_2209968/,14 390
/catalog/product/sergi_9203537/,21 990
/catalog/product/kolca_9551946/,64 990
/catalog/product/sergi_8454975/,35 490
/catalog/product/sergi_9170200/,12 090
/catalog/product/sergi_6827484/,16 090
/catalog/product/krestiki_2206413/,10 790
/catalog/product/kolca_9278830/,35 590
/catalog/product/kolca_9203658/,17 990
/catalog/product/krestiki_9170194/,9 990
/catalog/product/ikonki_2201570/,21 390
/catalog/product/krestiki_3340898/,18 890
/catalog/product/kole_9552037/,64 990
/catalog/product/sergi_9196663/,39 990
/catalog/product/krestiki_7502688/,43 090
/catalog/product/kolca_9551891/,42 190
/catalog/product/ikonki_2202928/,12 190
/catalog/product/krestiki_2210446/,23 790
/catalog/product/sergi_8647644/,25 590
/catalog/product/kolca_10194447/,24 990
/catalog/product/kolca_9203934/,25 990
/catalog/product/kolca_9606300/,44 990
/catalog/product/krestiki_2210603/,7 790
/catalog/product/braslety_7787378/,90 290
/catalog/product/krestiki_2208034/,12 290
/catalog/product/sergi_6734454/,23 690
/catalog/product/podveski-i-kulony_2143864/,18 990
/catalog/product/sergi_7779344/,12 790
/catalog/product/kolca_5345025/,27 290
/catalog/product/kolca_9552007/,46 990
/catalog/product/sergi_8573198/,18 390
/catalog/product/kolca_9204126/,17 990
/catalog/product/sergi_7742057/,11 890
/catalog/product/kolca_9634373/,22 990
/catalog/product/sergi_7734282/,21 190
/catalog/product/sergi_7734284/,21 090
/catalog/product/podveski-i-kulony_8525333/,20 290
/catalog/product/sergi_8574908/,18 390
/catalog/product/sergi_7742059/,14 990
/catalog/product/kolca_9636280/,31 790
/catalog/product/kolca_9220523/,9 890
/catalog/product/kolca_9243961/,31 190
/catalog/product/kolca_9220617/,23 290
/catalog/product/kole_7165133/,42 390
/catalog/product/braslety_2203622/,35 800
/catalog/product/braslety_2201505/,18 500
/catalog/product/cepochki_2201518/,75 720
/catalog/product/braslety_7126219/,56 090
/catalog/product/cepochki_9290725/,29 920
/catalog/product/cepochki_9195999/,28 290
/catalog/product/podveski-i-kulony_8376993/,22 090
/catalog/product/sergi_9401376/,12 590
/catalog/product/sergi_8918639/,25 990
/catalog/product/sergi_8862650/,16 690
/catalog/product/cepochki_2207703/,24 810
/catalog/product/kole_8719793/,38 190
/catalog/product/kolca_8902032/,28 590
/catalog/product/kolca_9302208/,20 990
/catalog/product/sergi_8959113/,19 690
/catalog/product/sergi_9419589/,29 090
/catalog/product/kolca_8722395/,24 790
/catalog/product/sergi_8797908/,21 190
/catalog/product/braslety_8473019/,62 590
/catalog/product/sergi_9302629/,27 290
/catalog/product/sergi_9300841/,30 590
/catalog/product/sergi_8797905/,20 290
/catalog/product/sergi_8924227/,12 990
/catalog/product/sergi_9552207/,26 890
/catalog/product/sergi_8582230/,19 290
/catalog/product/kole_8274337/,28 890
/catalog/product/sergi_9398460/,13 190
/catalog/product/sergi_8940546/,27 790
/catalog/product/cepochki_2201515/,113 910
/catalog/product/sergi_7826212/,20 190
/catalog/product/sergi_8968877/,36 390
/catalog/product/sergi_8375491/,33 090
/catalog/product/kolca_9302209/,11 990
/catalog/product/podveski-i-kulony_8942443/,9 690
/catalog/product/kolca_8902033/,23 290
/catalog/product/sergi_9064711/,24 290
/catalog/product/sergi_9197889/,35 990
/catalog/product/kolca_9611197/,14 690
/catalog/product/sergi_9303333/,109 990
/catalog/product/kolca_8894055/,14 990
/catalog/product/sergi_9301537/,26 790
/catalog/product/sergi_6734677/,13 190
/catalog/product/podveski-i-kulony_3258958/,20 090
/catalog/product/sergi_8915092/,21 290
/catalog/product/sergi_8582226/,11 990
/catalog/product/braslety_10098517/,196 990
/catalog/product/kolca_10194511/,15 990
/catalog/product/kolca_9651629/,52 990
/catalog/product/kolca_9204069/,52 990
/catalog/product/sergi_2207837/,25 390
/catalog/product/kolca_9036516/,30 590
/catalog/product/kolca_8434837/,4 990
/catalog/product/sergi_7865426/,26 890
/catalog/product/sergi_8961525/,43 990
/catalog/product/sergi_9636217/,29 490
/catalog/product/sergi_9301563/,26 590
/catalog/product/podveski-i-kulony_8383553/,23 990
/catalog/product/braslety_2210581/,13 490
/catalog/product/sergi_9197438/,65 990
/catalog/product/sergi_8582229/,14 390
/catalog/product/kolca_9204321/,22 990
/catalog/product/sergi_8582225/,10 490
/catalog/product/sergi_8942571/,22 190
/catalog/product/braslety_2202361/,37 390
/catalog/product/sergi_8894126/,14 190
/catalog/product/braslety_2203494/,15 230
/catalog/product/sergi_8889507/,20 090
/catalog/product/sergi_8375499/,29 690
/catalog/product/sergi_9035691/,12 590
/catalog/product/sergi_9639986/,13 690
/catalog/product/braslety_2203833/,47 690
/catalog/product/kolca_10086494/,39 990
/catalog/product/kolca_9301914/,17 890
/catalog/product/braslety_2203459/,16 110
/catalog/product/kolca_9203612/,27 990
/catalog/product/sergi_8918629/,28 990
/catalog/product/sergi_8918640/,29 190
/catalog/product/kolca_9203238/,40 990
/catalog/product/krestiki_2203218/,101 590
/catalog/product/kolca_8917390/,16 590
/catalog/product/kolca_8893494/,11 090
/catalog/product/kolca_9302652/,24 790
/catalog/product/sergi_9551957/,20 890
/catalog/product/sergi_8582233/,23 490
/catalog/product/braslety_2202359/,56 090
/catalog/product/braslety_8455587/,12 690
/catalog/product/krestiki_2209983/,14 790
/catalog/product/ikonki_2202933/,15 090
/catalog/product/kolca_9552123/,19 490
/catalog/product/kolca_9594812/,13 690
/catalog/product/kolca_9398731/,4 590
/catalog/product/kole_8719812/,27 990
/catalog/product/sergi_9552203/,26 190
/catalog/product/sergi_3339049/,24 490
/catalog/product/kole_9941605/,44 990
/catalog/product/sergi_9552230/,41 390
/catalog/product/kolca_9035639/,10 790
/catalog/product/sergi_8959109/,19 390
/catalog/product/sergi_9551828/,15 990
/catalog/product/braslety_9198010/,71 990
/catalog/product/kolca_7759514/,4 990
/catalog/product/braslety_8922014/,30 590
/catalog/product/kolca_8436771/,24 090
/catalog/product/broshi_9035693/,22 290
/catalog/product/sergi_10038764/,27 990
/catalog/product/cepochki_2208030/,41 130
/catalog/product/cepochki_9196002/,10 880
/catalog/product/sergi_8990901/,22 190
/catalog/product/kolca_9204191/,66 990
/catalog/product/kolca_9483585/,41 990
/catalog/product/sergi_8862649/,11 190
/catalog/product/podveski-i-kulony_9375172/,29 190
/catalog/product/sergi_9301260/,30 290
/catalog/product/podveski-i-kulony_8436784/,12 390
/catalog/product/podveski-i-kulony_9082069/,8 590
/catalog/product/kolca_9375188/,27 390
/catalog/product/kolca_10086474/,38 990
/catalog/product/sergi_9203977/,17 990
/catalog/product/krestiki_2203176/,9 190
/catalog/product/sergi_8918635/,29 290
/catalog/product/kolca_9036498/,12 290
/catalog/product/sergi_10136630/,79 990
/catalog/product/sergi_9137006/,19 490
/catalog/product/kolca_8844822/,16 190
/catalog/product/kolca_8894065/,9 590
/catalog/product/kolca_9354967/,146 990
/catalog/product/podveski-i-kulony_2144570/,13 090
/catalog/product/kolca_8917343/,12 690
/catalog/product/kolca_9204335/,10 990
/catalog/product/sergi_8697484/,7 990
/catalog/product/krestiki_9170202/,8 590
/catalog/product/kolca_9300847/,47 990
/catalog/product/ikonki_9292947/,12 590
/catalog/product/podveski-i-kulony_8441616/,9 590
/catalog/product/podveski-i-kulony_2962531/,14 390
/catalog/product/pirsingi_2207494/,21 090
/catalog/product/sergi_9197888/,24 990
/catalog/product/sergi_9639623/,12 990
/catalog/product/sergi_9221169/,72 990
/catalog/product/sergi_2154580/,8 090
/catalog/product/kolca_8733850/,30 490
/catalog/product/kole_8821304/,17 890
/catalog/product/kolca_10039257/,36 990
/catalog/product/sergi_9374039/,11 090
/catalog/product/krestiki_8652388/,17 990
/catalog/product/kolca_8899070/,14 390
/catalog/product/sergi_9615095/,109 990
/catalog/product/sergi_2960169/,6 590
/catalog/product/kolca_9278822/,87 990
/catalog/product/podveski-i-kulony_9302781/,15 690
/catalog/product/kolca_9302668/,29 690
/catalog/product/sergi_9196824/,19 990
/catalog/product/sergi_7750835/,7 990
/catalog/product/sergi_8937709/,11 890
/catalog/product/sergi_8968874/,18 490
/catalog/product/sergi_10038779/,29 990
/catalog/product/sergi_9078639/,60 190
/catalog/product/kolca_10039214/,12 990
/catalog/product/kolca_8740504/,18 590
/catalog/product/kolca_9202562/,65 990
/catalog/product/sergi_8582043/,12 990
/catalog/product/sergi_9197559/,31 990
/catalog/product/sergi_8915090/,12 590
/catalog/product/krestiki_3250799/,13 490
/catalog/product/sergi_6734668/,11 190
/catalog/product/sergi_8959111/,19 590
/catalog/product/sergi_6827555/,11 990
/catalog/product/braslety_9552141/,224 090
/catalog/product/sergi_8791090/,13 190
/catalog/product/sergi_3258231/,20 390
/catalog/product/sergi_8937744/,17 390
/catalog/product/kolca_9011770/,17 290
/catalog/product/krestiki_2210279/,17 890
/catalog/product/kolca_9203641/,14 990
/catalog/product/sergi_8928626/,18 590
/catalog/product/sergi_7447303/,21 190
/catalog/product/kolca_8900171/,11 290
/catalog/product/kolca_8917340/,8 690
/catalog/product/sergi_9302203/,21 090
/catalog/product/kolca_10100621/,66 990
/catalog/product/sergi_8576866/,14 290
/catalog/product/sergi_8519319/,9 190
/catalog/product/cepochki_8568413/,32 320
/catalog/product/sergi_9066804/,28 490
/catalog/product/kolca_9204190/,66 990
/catalog/product/sergi_9636643/,64 490
/catalog/product/sergi_8581302/,20 690
/catalog/product/sergi_8576867/,7 590
/catalog/product/kolca_9552092/,12 990
/catalog/product/sergi_8808629/,18 990
/catalog/product/sergi_9198174/,146 990
/catalog/product/kolca_9645491/,12 790
/catalog/product/kolca_9279621/,101 990
/catalog/product/podveski-i-kulony_8534083/,14 890
/catalog/product/sergi_9064715/,14 090
/catalog/product/braslety_2202377/,15 990
/catalog/product/sergi_9137198/,21 390
/catalog/product/kolca_8890663/,9 090
/catalog/product/kolca_9347851/,24 990
/catalog/product/podveski-i-kulony_9055108/,41 690
/catalog/product/sergi_8590245/,27 890
/catalog/product/kolca_9204070/,35 990
/catalog/product/braslety_2203493/,11 100
/catalog/product/kolca_9651132/,25 990
/catalog/product/ikonki_8868968/,41 090
/catalog/product/kolca_8426328/,38 290
/catalog/product/sergi_9142428/,19 290
/catalog/product/sergi_8576870/,9 790
/catalog/product/sergi_8652376/,13 190
/catalog/product/sergi_9636531/,13 990
/catalog/product/krestiki_2209447/,18 890
/catalog/product/sergi_9022759/,21 290
/catalog/product/sergi_8707495/,15 790
/catalog/product/podveski-i-kulony_7750954/,10 990
/catalog/product/braslety_2203435/,27 310
/catalog/product/sergi_7862073/,17 890
/catalog/product/sergi_8821046/,12 390
/catalog/product/sergi_8926436/,13 890
/catalog/product/kolca_9552078/,15 790
/catalog/product/sergi_9302351/,19 890
/catalog/product/sergi_8573207/,11 590
/catalog/product/podveski-i-kulony_8924231/,9 890
/catalog/product/sergi_6745179/,15 890
/catalog/product/cepochki_2204154/,20 350
/catalog/product/sergi_9552102/,40 690
/catalog/product/kolca_8902028/,13 190
/catalog/product/sergi_8915266/,17 290
/catalog/product/kolca_9552202/,8 590
/catalog/product/kolca_9035756/,15 990
/catalog/product/sergi_7884778/,6 590
/catalog/product/sergi_8594529/,25 390
/catalog/product/podveski-i-kulony_8438894/,23 490
/catalog/product/krestiki_2202268/,10 390
/catalog/product/sergi_9301446/,9 490
/catalog/product/kolca_9552201/,13 090
/catalog/product/sergi_2153949/,11 790
/catalog/product/sergi_9614736/,58 990
/catalog/product/podveski-i-kulony_9610670/,6 990
/catalog/product/podveski-i-kulony_2143815/,14 990
/catalog/product/kolca_6827624/,7 890
/catalog/product/sergi_9203440/,8 990
/catalog/product/kolca_9203241/,49 990
/catalog/product/podveski-i-kulony_8893778/,12 090
/catalog/product/sergi_9249134/,64 990
/catalog/product/sergi_2158735/,12 390
/catalog/product/sergi_9197753/,67 990
/catalog/product/krestiki_2206441/,9 990
/catalog/product/sergi_9551944/,147 990
/catalog/product/podveski-i-kulony_8829787/,24 190
/catalog/product/kolca_9303521/,18 690
/catalog/product/sergi_3338698/,16 090
/catalog/product/kolca_9606849/,20 990
/catalog/product/braslety_2203588/,10 340
/catalog/product/sergi_9634508/,48 990
/catalog/product/sergi_8577425/,8 990
/catalog/product/ikonki_2206302/,19 690
/catalog/product/krestiki_9170196/,7 990
/catalog/product/ikonki_8705555/,35 890
/catalog/product/kolca_8899071/,12 590
/catalog/product/sergi_8959110/,19 090
/catalog/product/podveski-i-kulony_8889508/,9 390
/catalog/product/kolca_9221318/,87 990
/catalog/product/sergi_9611153/,18 090
/catalog/product/sergi_8876959/,22 990
/catalog/product/sergi_3258105/,46 490
/catalog/product/sergi_9170201/,10 590
/catalog/product/sergi_9634412/,12 990
/catalog/product/podveski-i-kulony_8957280/,9 790
/catalog/product/kolca_8478828/,25 590
/catalog/product/sergi_9552206/,26 390
/catalog/product/sergi_8806059/,19 190
/catalog/product/sergi_8903128/,17 790
/catalog/product/ikonki_2378100/,23 790
/catalog/product/kolca_9204235/,54 990
/catalog/product/sergi_3258387/,12 990
/catalog/product/podveski-i-kulony_8970296/,6 190
/catalog/product/sergi_9552205/,18 090
/catalog/product/kolca_9303295/,7 990
/catalog/product/kolca_9301871/,18 490
/catalog/product/podveski-i-kulony_8970294/,6 690
/catalog/product/krestiki_3250794/,10 390
/catalog/product/kolca_10039535/,9 990
/catalog/product/sergi_10038604/,49 690
/catalog/product/sergi_8576869/,9 090
/catalog/product/sergi_9037322/,27 290
/catalog/product/podveski-i-kulony_8968880/,11 190
/catalog/product/sergi_9648936/,20 690
/catalog/product/sergi_7890137/,28 790
/catalog/product/sergi_7788523/,15 090
/catalog/product/podveski-i-kulony_9197805/,7 990
/catalog/product/sergi_9035733/,19 390
/catalog/product/sergi_9644887/,8 890
/catalog/product/kolca_8980166/,11 790
/catalog/product/sergi_9064710/,14 490
/catalog/product/kolca_9552199/,7 690
/catalog/product/kolca_9551723/,25 190
/catalog/product/kolca_9553218/,75 990
/catalog/product/sergi_9551993/,30 990
/catalog/product/sergi_9552086/,16 390
/catalog/product/sergi_9671192/,28 890
/catalog/product/sergi_9064712/,21 690
/catalog/product/sergi_6800628/,14 890
/catalog/product/kolca_10194496/,10 990
/catalog/product/sergi_8577424/,11 390
/catalog/product/sergi_8918630/,30 090
/catalog/product/podveski-i-kulony_9302286/,8 690
/catalog/product/podveski-i-kulony_2155000/,9 190
/catalog/product/krestiki_7735259/,73 990
/catalog/product/cepochki_3235773/,50 160
/catalog/product/sergi_9196683/,54 990
/catalog/product/kolca_8705580/,25 690
/catalog/product/kole_2201669/,17 390
/catalog/product/podveski-i-kulony_9552033/,49 990
/catalog/product/podveski-i-kulony_9170804/,5 990
/catalog/product/sergi_9203968/,13 990
/catalog/product/sergi_8797907/,21 790
/catalog/product/kolca_8925985/,9 090
/catalog/product/pirsingi_3259049/,3 790
/catalog/product/krestiki_2210228/,9 590
/catalog/product/podveski-i-kulony_8968879/,9 390
/catalog/product/kolca_9204154/,13 990
/catalog/product/braslety_2206489/,26 190
/catalog/product/sergi_9202175/,44 990
/catalog/product/ikonki_2202929/,11 990
/catalog/product/kolca_10100724/,25 990
/catalog/product/kole_9355067/,25 590
/catalog/product/sergi_8942568/,9 590
/catalog/product/podveski-i-kulony_2158280/,5 790
/catalog/product/braslety_2203591/,67 130
/catalog/product/podveski-i-kulony_8562023/,7 790
/catalog/product/podveski-i-kulony_8635365/,9 690
/catalog/product/sergi_9301745/,23 190
/catalog/product/podveski-i-kulony_9302197/,10 790
/catalog/product/sergi_9551958/,32 990
/catalog/product/podveski-i-kulony_9176291/,3 990
/catalog/product/podveski-i-kulony_2153738/,5 090
/catalog/product/sergi_9370648/,18 090
/catalog/product/sergi_9196892/,59 990
/catalog/product/sergi_9197365/,19 990
/catalog/product/krestiki_2206547/,10 790
/catalog/product/kole_8847061/,16 290
/catalog/product/podveski-i-kulony_10100619/,20 290
/catalog/product/sergi_3258399/,14 790
/catalog/product/kolca_9204037/,19 990
/catalog/product/kole_10018128/,27 990
/catalog/product/kolca_2157322/,7 990
/catalog/product/kolca_9243974/,9 990
/catalog/product/sergi_6734413/,11 290
/catalog/product/cepochki_10358347/,5 840
/catalog/product/cepochki_2204114/,11 650
/catalog/product/kolca_8630889/,25 570
/catalog/product/braslety_2209592/,42 490
/catalog/product/sergi_8843298/,18 590
/catalog/product/kolca_8532939/,14 750
/catalog/product/kolca_10326764/,17 180
/catalog/product/sergi_2205936/,4 990
/catalog/product/sergi_3272215/,23 790
/catalog/product/kolca_6711674/,11 090
/catalog/product/kolca_8431693/,20 520
/catalog/product/sergi_2153468/,6 490
/catalog/product/kolca_10326746/,34 640
/catalog/product/cepochki_10340165/,15 240
/catalog/product/kolca_7903786/,16 650
/catalog/product/sergi_9078638/,80 290
/catalog/product/kolca_9244128/,10 090
/catalog/product/sergi_2209658/,9 490
/catalog/product/cepochki_10358995/,57 770
/catalog/product/sergi_2154377/,8 790
/catalog/product/sergi_3258127/,8 790
/catalog/product/braslety_2210289/,24 590
/catalog/product/braslety_10308938/,19 690
/catalog/product/kolca_9175777/,27 990
/catalog/product/kolca_6827276/,15 750
/catalog/product/cepochki_2204148/,10 780
/catalog/product/sergi_9170199/,11 590
/catalog/product/sergi_9084755/,116 390
/catalog/product/krestiki_2203264/,6 090
/catalog/product/cepochki_10358763/,12 410
/catalog/product/kolca_10326748/,34 050
/catalog/product/kolca_8532940/,33 840
/catalog/product/krestiki_9023876/,20 690
/catalog/product/braslety_9903358/,128 240
/catalog/product/krestiki_2210217/,6 590
/catalog/product/kolca_8532941/,38 070
/catalog/product/pirsingi_8472940/,12 490
/catalog/product/kolca_7941862/,29 370
/catalog/product/sergi_9388361/,8 290
/catalog/product/kolca_7788597/,25 390
/catalog/product/kolca_9354961/,33 990
/catalog/product/krestiki_6677437/,125 590
/catalog/product/braslety_8915272/,17 390
/catalog/product/kolca_9634380/,12 990
/catalog/product/krestiki_2206154/,10 290
/catalog/product/kolca_4052567/,14 590
/catalog/product/sergi_7779343/,13 390
/catalog/product/kolca_8894096/,6 290
/catalog/product/pirsingi_9197281/,22 990
/catalog/product/sergi_8894113/,17 990
/catalog/product/kolca_9204243/,17 990
/catalog/product/krestiki_2210252/,17 390
/catalog/product/kolca_9606304/,36 990
/catalog/product/sergi_9363489/,14 090
/catalog/product/kolca_9202990/,48 990
/catalog/product/sergi_9197782/,73 990
/catalog/product/podveski-i-kulony_2154157/,5 790
/catalog/product/braslety_2202659/,46 590
/catalog/product/sergi_6827485/,15 290
/catalog/product/cepochki_2207708/,34 820
/catalog/product/podveski-i-kulony_7509145/,7 590
/catalog/product/podveski-i-kulony_2154154/,6 490
/catalog/product/cepochki_10340925/,44 060
/catalog/product/sergi_9606857/,73 190
/catalog/product/kolca_9634302/,49 990
/catalog/product/krestiki_2209987/,18 390
/catalog/product/sergi_9600682/,8 790
/catalog/product/krestiki_2210598/,16 490
/catalog/product/kolca_10358143/,103 090
/catalog/product/kolca_9052941/,13 490
/catalog/product/braslety_9685768/,61 010
/catalog/product/sergi_2203417/,14 990
/catalog/product/kolca_9370657/,5 990
/catalog/product/cepochki_10339496/,77 030
/catalog/product/kolca_9076446/,29 990
/catalog/product/kole_8970279/,21 090
/catalog/product/krestiki_2210213/,9 490
/catalog/product/kole_9639239/,24 690
/catalog/product/kolca_8524593/,49 390
/catalog/product/sergi_9914072/,62 790
/catalog/product/krestiki_2210648/,15 090
/catalog/product/sergi_7779345/,6 790
/catalog/product/sergi_2154337/,4 890
/catalog/product/kolca_10360357/,26 690
/catalog/product/braslety_2201502/,34 600
/catalog/product/kolca_9594947/,7 990
/catalog/product/kolca_8968210/,8 390
/catalog/product/sergi_9388364/,8 390
/catalog/product/sergi_9899557/,14 090
/catalog/product/braslety_7126221/,111 690
/catalog/product/kolca_9551761/,12 150
/catalog/product/kolca_9634360/,16 990
/catalog/product/sergi_2206151/,4 990
/catalog/product/kolca_10326745/,44 990
/catalog/product/braslety_2203492/,10 340
/catalog/product/kole_2207137/,50 290
/catalog/product/kolca_10358299/,8 990
/catalog/product/krestiki_2206384/,133 890
/catalog/product/sergi_9306678/,26 090
/catalog/product/krestiki_2209850/,18 990
/catalog/product/sergi_9388368/,7 590
/catalog/product/kolca_8741920/,22 890
/catalog/product/sergi_9933960/,12 790
/catalog/product/braslety_9671554/,35 800
/catalog/product/sergi_9388369/,8 090
/catalog/product/sergi_9754648/,16 190
/catalog/product/kolca_9370752/,12 190
/catalog/product/kolca_8968234/,9 590
/catalog/product/cepochki_10338224/,177 100
/catalog/product/sergi_9637340/,14 090
/catalog/product/podveski-i-kulony_10358333/,23 990
/catalog/product/sergi_9551815/,7 490
/catalog/product/krestiki_3250814/,11 190
/catalog/product/kole_8888577/,21 190
/catalog/product/kole_9287904/,10 090
/catalog/product/kolca_9388469/,17 290
/catalog/product/kolca_8894083/,9 690
/catalog/product/kolca_8968202/,9 390
/catalog/product/kolca_9552229/,25 790
/catalog/product/pirsingi_9196984/,5 590
/catalog/product/sergi_10339809/,8 590
/catalog/product/kolca_9371170/,11 490
/catalog/product/kolca_8927356/,8 990
/catalog/product/krestiki_7569749/,9 490
/catalog/product/kolca_9239714/,13 590
/catalog/product/cepochki_10338250/,386 210
/catalog/product/kolca_10326763/,48 990
/catalog/product/broshi_8959036/,25 090
/catalog/product/braslety_9638815/,16 390
/catalog/product/kolca_10358437/,9 990
/catalog/product/kolca_9204179/,22 990
/catalog/product/sergi_8652366/,8 990
/catalog/product/sergi_8590262/,9 490
/catalog/product/braslety_9903347/,64 130
/catalog/product/sergi_10358271/,95 990
/catalog/product/cepochki_10358380/,42 650
/catalog/product/krestiki_9726635/,51 890
/catalog/product/sergi_9198181/,89 990
/catalog/product/kole_9669978/,17 290
/catalog/product/kolca_9551877/,30 090
/catalog/product/kolca_8741912/,22 790
/catalog/product/kolca_9303339/,23 990
/catalog/product/braslety_9903299/,61 450
/catalog/product/kolca_7775749/,10 390
/catalog/product/kolca_10136618/,49 990
/catalog/product/kolca_9033076/,33 290
/catalog/product/kolca_9203611/,9 990
/catalog/product/sergi_9398755/,19 190
/catalog/product/kolca_9765734/,66 990
/catalog/product/podveski-i-kulony_9197591/,4 990
/catalog/product/krestiki_7826943/,9 190
/catalog/product/kole_8807177/,40 390
/catalog/product/sergi_9197335/,17 990
/catalog/product/sergi_9364656/,49 990
/catalog/product/sergi_10359954/,23 990
/catalog/product/kolca_9204293/,41 990
/catalog/product/sergi_9551765/,22 990
/catalog/product/braslety_2203858/,39 590
/catalog/product/kolca_9921420/,26 990
/catalog/product/sergi_10358253/,28 090
/catalog/product/kolca_9914066/,44 790
/catalog/product/kole_9287902/,14 890
/catalog/product/kolca_9634178/,21 990
/catalog/product/podveski-i-kulony_10383580/,19 890
/catalog/product/kolca_9551936/,25 690
/catalog/product/kolca_9646852/,33 990
/catalog/product/kolca_9137193/,10 490
/catalog/product/kolca_10382935/,12 990
/catalog/product/cepochki_2203500/,38 410
/catalog/product/podveski-i-kulony_9663393/,4 890
/catalog/product/sergi_9197493/,19 990
/catalog/product/kolca_9354958/,29 990
/catalog/product/braslety_10383577/,25 390
/catalog/product/krestiki_2210259/,6 790
/catalog/product/kolca_9204071/,29 990
/catalog/product/kolca_9551714/,17 090
/catalog/product/kolca_9933965/,17 990
/catalog/product/kolca_10358393/,20 990
/catalog/product/cepochki_2203499/,65 710
/catalog/product/kolca_9052938/,13 190
/catalog/product/kolca_9552122/,17 390
/catalog/product/kole_8877879/,34 990
/catalog/product/kolca_9551715/,38 090
/catalog/product/sergi_8927325/,22 690
/catalog/product/braslety_2209502/,19 370
/catalog/product/sergi_8990902/,18 590
/catalog/product/braslety_9903296/,124 900
/catalog/product/sergi_9302670/,19 190
/catalog/product/sergi_9371164/,9 290
/catalog/product/kole_8810744/,20 690
/catalog/product/braslety_9903356/,80 190
/catalog/product/kolca_8927355/,9 090
/catalog/product/kolca_10321951/,27 570
/catalog/product/kolca_10339855/,15 990
/catalog/product/kole_8719815/,38 790
/catalog/product/sergi_6827573/,14 890
/catalog/product/podveski-i-kulony_8957277/,7 290
/catalog/product/cepochki_10338223/,172 700
/catalog/product/sergi_9198183/,57 990
/catalog/product/braslety_9903286/,222 200
/catalog/product/sergi_9204220/,15 990
/catalog/product/braslety_10308939/,19 390
/catalog/product/kolca_9278703/,59 990
/catalog/product/podveski-i-kulony_10341761/,17 290
/catalog/product/podveski-i-kulony_9375168/,10 990
/catalog/product/braslety_9903295/,109 120
/catalog/product/sergi_9552217/,7 890
/catalog/product/kolca_9933964/,26 990
/catalog/product/krestiki_7750857/,7 790
/catalog/product/sergi_8937745/,10 990
/catalog/product/podveski-i-kulony_8957282/,6 090
/catalog/product/sergi_8582231/,18 790
/catalog/product/kolca_9303334/,35 990
/catalog/product/kolca_9551917/,25 290
/catalog/product/sergi_9035608/,31 690
/catalog/product/kolca_9552075/,22 390
/catalog/product/sergi_6734669/,6 990
/catalog/product/kolca_9203945/,22 990
/catalog/product/kolca_9204232/,29 990
/catalog/product/sergi_8524663/,52 490
/catalog/product/cepochki_10339601/,48 200
/catalog/product/braslety_9645386/,36 890
/catalog/product/sergi_2203442/,12 190
/catalog/product/krestiki_7569809/,12 890
/catalog/product/kolca_8648157/,17 390
/catalog/product/sergi_2209659/,14 190
/catalog/product/braslety_9757217/,71 990
/catalog/product/kolca_9551950/,28 990
/catalog/product/kole_2203144/,15 990
/catalog/product/kolca_8892851/,36 190
/catalog/product/sergi_9495646/,8 590
/catalog/product/kolca_6711085/,29 390
/catalog/product/sergi_7577745/,12 990
/catalog/product/podveski-i-kulony_9420593/,5 690
/catalog/product/kole_9287903/,13 390
/catalog/product/sergi_8697483/,8 490
/catalog/product/sergi_9551718/,24 390
/catalog/product/braslety_7160255/,45 790
/catalog/product/sergi_9345215/,90 790
/catalog/product/kole_8847063/,17 590
/catalog/product/broshi_9552065/,32 190
/catalog/product/kolca_9302719/,32 290
/catalog/product/krestiki_9634422/,13 990
/catalog/product/kolca_3816379/,9 090
/catalog/product/podveski-i-kulony_2378165/,5 890
/catalog/product/sergi_9195385/,9 890
/catalog/product/sergi_10358295/,54 990
/catalog/product/kolca_9637714/,90 990
/catalog/product/sergi_9219297/,17 990
/catalog/product/cepochki_2210322/,16 540
/catalog/product/krestiki_8888149/,10 490
/catalog/product/podveski-i-kulony_8893782/,5 590
/catalog/product/krestiki_9611372/,20 690
/catalog/product/sergi_9363461/,15 790
/catalog/product/podveski-i-kulony_7509147/,7 590
/catalog/product/kolca_8842884/,11 990
/catalog/product/podveski-i-kulony_8810747/,11 290
/catalog/product/kolca_8705583/,66 690
/catalog/product/kolca_9445854/,44 990
/catalog/product/sergi_9302762/,13 490
/catalog/product/sergi_8894102/,24 490
/catalog/product/sergi_2203418/,21 990
/catalog/product/sergi_9398740/,16 990
/catalog/product/braslety_8915274/,17 290
/catalog/product/krestiki_7826945/,7 090
/catalog/product/krestiki_2209888/,17 190
/catalog/product/sergi_9933963/,25 990
/catalog/product/podveski-i-kulony_9134273/,7 090
/catalog/product/sergi_9271212/,126 990
/catalog/product/krestiki_3340897/,26 990
/catalog/product/sergi_2209263/,9 890
/catalog/product/kolca_10358172/,14 990
/catalog/product/podveski-i-kulony_9302213/,10 290
/catalog/product/sergi_9551884/,119 990
/catalog/product/sergi_8576871/,9 790
/catalog/product/kolca_9470636/,55 990
/catalog/product/sergi_7367368/,13 590
/catalog/product/kolca_10358298/,19 990
/catalog/product/kole_9941606/,64 990
/catalog/product/kolca_8894066/,15 990
/catalog/product/kole_8810741/,21 390
/catalog/product/kolca_10359773/,8 990
/catalog/product/podveski-i-kulony_8741932/,14 390
/catalog/product/sergi_9551992/,119 990
/catalog/product/podveski-i-kulony_2378166/,5 690
/catalog/product/sergi_6827116/,17 590
/catalog/product/sergi_9137488/,11 490
/catalog/product/kolca_9551830/,36 390
/catalog/product/sergi_9278301/,104 990
/catalog/product/podveski-i-kulony_10358274/,8 990
/catalog/product/kolca_9204231/,58 990
/catalog/product/sergi_8375496/,16 790
/catalog/product/sergi_9552187/,38 390
/catalog/product/sergi_2153232/,5 390
/catalog/product/kolca_9928427/,21 990
/catalog/product/braslety_9673353/,16 390
/catalog/product/kolca_9011768/,20 790
/catalog/product/kolca_9301887/,20 790
/catalog/product/sergi_7742061/,12 990
/catalog/product/sergi_9287571/,45 490
/catalog/product/braslety_9903303/,78 550
/catalog/product/krestiki_2210023/,14 190
/catalog/product/kolca_9204247/,54 990
/catalog/product/kolca_9036515/,27 090
/catalog/product/kolca_9551961/,25 290
/catalog/product/sergi_9764915/,88 990
/catalog/product/kole_9604830/,38 290
/catalog/product/kolca_10326765/,45 390
/catalog/product/sergi_3248865/,12 190
/catalog/product/krestiki_2203265/,10 790
/catalog/product/krestiki_2209554/,13 390
/catalog/product/sergi_9551901/,32 990
/catalog/product/sergi_8524565/,89 090
/catalog/product/kolca_8375025/,27 090
/catalog/product/sergi_9388466/,19 790
/catalog/product/sergi_9249133/,69 990
/catalog/product/kole_9287901/,11 790
/catalog/product/cepochki_10338282/,1 250 950
/catalog/product/kole_10358345/,20 990
/catalog/product/kolca_4052525/,14 690
/catalog/product/sergi_9196858/,44 490
/catalog/product/kolca_9606866/,46 490
/catalog/product/braslety_8878502/,18 390
/catalog/product/podveski-i-kulony_10133173/,19 990
/catalog/product/sergi_9933962/,37 990
/catalog/product/kolca_9606868/,38 090
/catalog/product/kolca_10358303/,27 990
/catalog/product/kole_9604829/,40 690
/catalog/product/kolca_9204246/,47 990
/catalog/product/kolca_9303338/,37 990
/catalog/product/sergi_9388370/,7 590
/catalog/product/kolca_9551931/,30 690
/catalog/product/kolca_9398753/,4 990
/catalog/product/kolca_9271873/,74 990
/catalog/product/kole_8274336/,25 590
/catalog/product/sergi_9551868/,28 590
/catalog/product/podveski-i-kulony_6767533/,4 390
/catalog/product/kolca_9398734/,13 290
/catalog/product/sergi_9302655/,18 090
/catalog/product/braslety_8878021/,41 490
/catalog/product/sergi_9603398/,14 190
/catalog/product/krestiki_2209971/,30 290
/catalog/product/sergi_10358312/,29 990
/catalog/product/sergi_9697690/,15 590
/catalog/product/sergi_9899554/,12 690
/catalog/product/sergi_8874696/,21 590
/catalog/product/kolca_9634374/,55 990
/catalog/product/kolca_9613344/,81 790
/catalog/product/krestiki_8888150/,9 990
/catalog/product/podveski-i-kulony_8957285/,4 590
/catalog/product/sergi_9551984/,27 290
/catalog/product/sergi_9035734/,18 490
/catalog/product/sergi_9610912/,65 090
/catalog/product/kolca_10358392/,16 990
/catalog/product/kolca_9914107/,44 090
/catalog/product/podveski-i-kulony_8376995/,9 290
/catalog/product/sergi_8927320/,14 390
/catalog/product/kolca_9388409/,47 990
/catalog/product/kolca_9169901/,27 990
/catalog/product/sergi_9495640/,7 590
/catalog/product/kole_9604831/,38 690
/catalog/product/sergi_8876958/,13 390
/catalog/product/podveski-i-kulony_8744354/,8 890
/catalog/product/sergi_9196866/,39 990
/catalog/product/krestiki_6827639/,6 890
/catalog/product/sergi_7779346/,13 190
/catalog/product/sergi_8695067/,40 890
/catalog/product/podveski-i-kulony_9606297/,20 690
/catalog/product/sergi_8582228/,24 590
/catalog/product/kolca_9069300/,41 230
/catalog/product/kolca_9688225/,132 990
/catalog/product/kolca_8915262/,9 090
/catalog/product/sergi_2203463/,32 690
/catalog/product/kolca_9204072/,47 990
/catalog/product/kolca_9765728/,67 990
/catalog/product/podveski-i-kulony_9302180/,6 390
/catalog/product/sergi_3258061/,6 190
/catalog/product/sergi_10339687/,29 790
/catalog/product/kolca_10358313/,33 490
/catalog/product/sergi_2203457/,16 890
/catalog/product/sergi_9302712/,17 890
/catalog/product/sergi_8877417/,18 490
/catalog/product/podveski-i-kulony_9076512/,45 190
/catalog/product/krestiki_9220186/,17 090
/catalog/product/krestiki_2209152/,13 090
/catalog/product/sergi_9326777/,32 690
/catalog/product/kole_9621099/,45 890
/catalog/product/sergi_9388363/,8 390
/catalog/product/kolca_9551930/,21 390
/catalog/product/podveski-i-kulony_9302711/,5 990
/catalog/product/krestiki_2210024/,19 690
/catalog/product/sergi_9198175/,57 990
/catalog/product/sergi_10339861/,64 590
/catalog/product/krestiki_7735285/,13 090
/catalog/product/sergi_9423883/,97 990
/catalog/product/kolca_9301928/,23 990
/catalog/product/sergi_2153466/,12 890
/catalog/product/sergi_10358306/,44 990
/catalog/product/kolca_10358307/,25 990
/catalog/product/sergi_9019447/,24 490
/catalog/product/kolca_8741909/,21 890
/catalog/product/kolca_9653355/,14 990
/catalog/product/sergi_8643806/,24 290
/catalog/product/sergi_9045818/,106 990
/catalog/product/sergi_9271097/,77 990
/catalog/product/sergi_9611304/,19 290
/catalog/product/podveski-i-kulony_9551994/,19 990
/catalog/product/kolca_10314874/,45 990
/catalog/product/sergi_8589362/,9 490
/catalog/product/braslety_9611460/,40 190
/catalog/product/podveski-i-kulony_10358294/,14 990
/catalog/product/kole_9684306/,43 690
/catalog/product/sergi_9760468/,65 990
/catalog/product/kole_9611190/,36 690
/catalog/product/sergi_9197677/,12 990
/catalog/product/podveski-i-kulony_9196855/,16 990
/catalog/product/krestiki_7735266/,11 290
/catalog/product/podveski-i-kulony_2153736/,7 990
/catalog/product/sergi_8990903/,19 590
/catalog/product/sergi_9170048/,43 990
/catalog/product/kolca_10358337/,11 990
/catalog/product/sergi_9388365/,8 590
/catalog/product/sergi_8927326/,23 390
/catalog/product/sergi_9363488/,12 790
/catalog/product/sergi_10358339/,24 990
/catalog/product/sergi_9611469/,25 490
/catalog/product/podveski-i-kulony_9551838/,28 590
/catalog/product/ikonki_9636497/,16 590
/catalog/product/podveski-i-kulony_10337934/,6 590
/catalog/product/kolca_9634175/,66 990
/catalog/product/sergi_8740508/,23 490
/catalog/product/sergi_7742048/,10 590
/catalog/product/sergi_9196786/,15 990
/catalog/product/sergi_9198184/,146 990
/catalog/product/kolca_9551709/,64 990
/catalog/product/kole_10383579/,39 890
/catalog/product/kolca_9388411/,87 990
/catalog/product/sergi_9905577/,141 990
/catalog/product/podveski-i-kulony_9551888/,36 390
/catalog/product/sergi_9249135/,89 990
/catalog/product/podveski-i-kulony_8435756/,5 390
/catalog/product/kole_9302671/,23 090
/catalog/product/kolca_2153268/,26 510
/catalog/product/kolca_9219298/,29 990
/catalog/product/kolca_10358300/,43 990
/catalog/product/kolca_9303337/,102 990
/catalog/product/sergi_8436839/,34 190
/catalog/product/sergi_7742047/,11 090
/catalog/product/podveski-i-kulony_10341642/,27 490
/catalog/product/kolca_9301781/,20 390
/catalog/product/krestiki_7826942/,11 090
/catalog/product/podveski-i-kulony_3258844/,5 190
/catalog/product/sergi_2154574/,6 390
/catalog/product/sergi_10358284/,99 990
/catalog/product/kolca_2039831/,23 890
/catalog/product/kolca_9204041/,21 190
/catalog/product/podveski-i-kulony_9398756/,15 990
/catalog/product/kole_9616851/,29 590
/catalog/product/sergi_9741735/,69 990
/catalog/product/sergi_8892863/,42 490
/catalog/product/sergi_8991332/,27 290
/catalog/product/krestiki_9611450/,52 290
/catalog/product/sergi_9551995/,150 990
/catalog/product/podveski-i-kulony_10098015/,8 890
/catalog/product/kolca_2158772/,31 100
/catalog/product/braslety_2203694/,22 690
/catalog/product/kole_10358344/,32 690
/catalog/product/kolca_9709861/,87 990
/catalog/product/braslety_2201872/,21 490
/catalog/product/ikonki_8868969/,23 590
/catalog/product/podveski-i-kulony_9306586/,15 990
/catalog/product/kole_8719814/,35 990
/catalog/product/kolca_9204233/,11 990
/catalog/product/kole_9656695/,41 390
/catalog/product/kole_9552080/,16 490
/catalog/product/kolca_8525330/,24 090
/catalog/product/podveski-i-kulony_9375167/,21 090
/catalog/product/podveski-i-kulony_9914067/,32 790
/catalog/product/sergi_8894109/,26 890
/catalog/product/sergi_8918632/,41 290
/catalog/product/sergi_9899640/,7 290
/catalog/product/kolca_8842883/,20 090
/catalog/product/kole_9069232/,25 790
/catalog/product/kole_2201875/,21 090
/catalog/product/sergi_9229137/,43 290
/catalog/product/braslety_9669876/,23 390
/catalog/product/sergi_9234238/,31 590
/catalog/product/sergi_10358412/,13 990
/catalog/product/kolca_10100648/,49 990
/catalog/product/sergi_8573204/,18 490
/catalog/product/sergi_8968224/,23 490
/catalog/product/kolca_8376520/,16 490
/catalog/product/kolca_9204336/,7 990
/catalog/product/podveski-i-kulony_10136667/,19 990
/catalog/product/krestiki_7826944/,6 790
/catalog/product/podveski-i-kulony_9375171/,15 590
/catalog/product/podveski-i-kulony_8741931/,56 690
/catalog/product/sergi_9388468/,23 390
/catalog/product/sergi_9653542/,76 990
/catalog/product/sergi_9551841/,68 490
/catalog/product/kolca_10086228/,99 990
/catalog/product/kolca_9078540/,48 490
/catalog/product/sergi_7980137/,31 290
/catalog/product/kolca_2251676/,18 890
/catalog/product/sergi_9038275/,13 290
/catalog/product/kole_9752699/,21 790
/catalog/product/podveski-i-kulony_9248961/,9 690
/catalog/product/braslety_9638814/,15 690
/catalog/product/podveski-i-kulony_9375164/,10 090
/catalog/product/podveski-i-kulony_10358296/,14 990
/catalog/product/sergi_7734258/,13 690
/catalog/product/podveski-i-kulony_6800644/,20 890
/catalog/product/kolca_9652875/,199 990
/catalog/product/sergi_8918633/,25 790
/catalog/product/sergi_9174025/,44 990
/catalog/product/sergi_8972876/,23 390
/catalog/product/sergi_10339860/,49 490
/catalog/product/podveski-i-kulony_9306591/,24 990
/catalog/product/kole_6734964/,21 390
/catalog/product/sergi_9634400/,59 990
/catalog/product/podveski-i-kulony_8525321/,33 690
/catalog/product/sergi_8647630/,14 390
/catalog/product/kolca_9278825/,7 990
/catalog/product/kolca_3251197/,31 190
/catalog/product/podveski-i-kulony_10358314/,13 990
/catalog/product/kolca_9551945/,64 990
/catalog/product/sergi_9105952/,12 790
/catalog/product/kolca_10358308/,25 990
/catalog/product/podveski-i-kulony_10098811/,8 490
/catalog/product/kolca_9325196/,14 990
/catalog/product/kolca_4052504/,14 990
/catalog/product/pirsingi_9235128/,10 690
/catalog/product/pirsingi_2209097/,3 490
/catalog/product/sergi_7742050/,12 990
/catalog/product/sergi_8972849/,14 290
/catalog/product/kole_8719816/,27 390
/catalog/product/sergi_8967710/,22 390
/catalog/product/sergi_7882876/,16 090
/catalog/product/podveski-i-kulony_9106211/,9 390
/catalog/product/sergi_8444097/,23 290
/catalog/product/krestiki_2202257/,26 390
/catalog/product/sergi_9894893/,86 990
/catalog/product/kolca_9301803/,36 190
/catalog/product/kolca_10133170/,49 990
/catalog/product/podveski-i-kulony_10358293/,37 890
/catalog/product/sergi_10339862/,49 990
/catalog/product/sergi_9551991/,150 990
/catalog/product/sergi_9302713/,29 490
/catalog/product/kolca_9634393/,219 990
/catalog/product/sergi_10340904/,28 990
/catalog/product/sergi_9747706/,65 990
/catalog/product/podveski-i-kulony_8990908/,6 390
/catalog/product/podveski-i-kulony_9551866/,49 990
/catalog/product/kolca_9611081/,16 590
/catalog/product/kolca_9354968/,229 990
/catalog/product/kolca_9249129/,26 990
/catalog/product/sergi_9551943/,147 990
/catalog/product/kole_8719819/,29 490
/catalog/product/kolca_10355294/,48 390
/catalog/product/braslety_2206527/,43 390
/catalog/product/sergi_2209520/,27 890
/catalog/product/podveski-i-kulony_8435758/,10 490
/catalog/product/sergi_10134065/,79 990
/catalog/product/podveski-i-kulony_9375165/,21 690
/catalog/product/sergi_8894125/,14 590
/catalog/product/kolca_9249128/,45 990
/catalog/product/podveski-i-kulony_7788661/,11 590
/catalog/product/cepochki_10340166/,55 970
/catalog/product/sergi_8927319/,15 090
/catalog/product/sergi_9354974/,52 990
/catalog/product/kolca_9204136/,19 990
/catalog/product/kolca_9445856/,46 990
/catalog/product/kolca_10322097/,64 990
/catalog/product/kolca_10341598/,24 990
/catalog/product/krestiki_9645263/,31 690
/catalog/product/kolca_9204188/,16 990
/catalog/product/sergi_8577779/,16 790
/catalog/product/kolca_10194433/,66 790
/catalog/product/krestiki_7735262/,47 490
/catalog/product/kole_9669979/,29 890
/catalog/product/braslety_2207240/,16 490
/catalog/product/kole_9551874/,49 990
/catalog/product/kolca_9284790/,17 190
/catalog/product/sergi_10444281/,47 090
/catalog/product/kole_9302725/,23 090
/catalog/product/kolca_8937072/,10 190
/catalog/product/sergi_10100152/,19 890
/catalog/product/kolca_9069957/,20 490
/catalog/product/kolca_10032209/,219 290
/catalog/product/sergi_9278743/,55 990
/catalog/product/sergi_2203419/,23 590
/catalog/product/sergi_10038683/,38 990
/catalog/product/sergi_9278289/,44 990
/catalog/product/sergi_9671531/,47 990
/catalog/product/podveski-i-kulony_9248960/,8 890
/catalog/product/kolca_9342899/,20 290
/catalog/product/sergi_9195387/,31 090
/catalog/product/kolca_10358231/,13 990
/catalog/product/kolca_9551971/,84 990
/catalog/product/kolca_9347861/,53 190
/catalog/product/podveski-i-kulony_2154972/,8 590
/catalog/product/podveski-i-kulony_2154462/,4 590
/catalog/product/sergi_9636657/,22 390
/catalog/product/sergi_9037292/,16 090
/catalog/product/kolca_9364223/,15 590
/catalog/product/sergi_9326739/,14 190
/catalog/product/podveski-i-kulony_9552031/,49 990
/catalog/product/sergi_8959112/,19 590
/catalog/product/kolca_9445855/,61 390
/catalog/product/kolca_10100725/,24 990
/catalog/product/sergi_9302718/,17 290
/catalog/product/kolca_9384064/,36 890
/catalog/product/sergi_8940548/,41 990
/catalog/product/sergi_9302734/,17 990
/catalog/product/kolca_9551737/,148 890
/catalog/product/sergi_6820338/,8 490
/catalog/product/podveski-i-kulony_2155067/,42 590
/catalog/product/cepochki_10339540/,180 120
/catalog/product/sergi_9364636/,24 990
/catalog/product/sergi_9197558/,31 990
/catalog/product/podveski-i-kulony_9375166/,26 090
/catalog/product/sergi_9552198/,38 590
/catalog/product/sergi_9375394/,69 990
/catalog/product/sergi_9551826/,69 990
/catalog/product/kolca_9230136/,30 890
/catalog/product/kolca_9301215/,20 090
/catalog/product/kolca_9089350/,31 190
/catalog/product/podveski-i-kulony_9419588/,17 090
/catalog/product/kolca_9423309/,239 990
/catalog/product/sergi_9668087/,119 990
/catalog/product/kolca_9102192/,37 690
/catalog/product/podveski-i-kulony_9204205/,9 990
/catalog/product/sergi_8630882/,20 290
/catalog/product/sergi_9197548/,32 990
/catalog/product/kolca_10358261/,22 990
/catalog/product/sergi_7438735/,19 890
/catalog/product/sergi_10358331/,49 990
/catalog/product/sergi_9914114/,62 490
/catalog/product/kolca_9682066/,49 990
/catalog/product/kolca_9600611/,30 590
/catalog/product/kolca_8436845/,24 590
/catalog/product/sergi_9278744/,55 990
/catalog/product/kolca_10358324/,10 990
/catalog/product/sergi_9197575/,27 990
/catalog/product/kolca_9169717/,48 990
/catalog/product/kolca_9723638/,40 290
/catalog/product/kolca_9384065/,36 890
/catalog/product/kolca_10358338/,44 690
/catalog/product/kole_9752704/,25 290
/catalog/product/sergi_9197516/,27 990
/catalog/product/sergi_9551823/,28 390
/catalog/product/kolca_10358188/,40 990
/catalog/product/kolca_10251154/,69 890
/catalog/product/podveski-i-kulony_9914117/,33 690
/catalog/product/sergi_9198178/,39 990
/catalog/product/sergi_9267469/,129 990
/catalog/product/podveski-i-kulony_9375173/,23 790
/catalog/product/sergi_9302731/,15 790
/catalog/product/kolca_9600647/,35 890
/catalog/product/sergi_10358276/,24 990
/catalog/product/kolca_7779318/,8 690
/catalog/product/podveski-i-kulony_9248955/,19 090
/catalog/product/sergi_9196273/,28 990
/catalog/product/kolca_10251564/,78 290
/catalog/product/sergi_9204130/,92 490
/catalog/product/sergi_9302391/,28 790
/catalog/product/podveski-i-kulony_10134064/,39 990
/catalog/product/sergi_9681500/,6 790
/catalog/product/kole_9552034/,47 990
/catalog/product/sergi_2153470/,5 490
/catalog/product/kolca_9230134/,30 890
/catalog/product/kolca_8990888/,14 490
/catalog/product/pirsingi_2703643/,3 790
/catalog/product/kolca_7788592/,6 490
/catalog/product/sergi_9552089/,26 990
/catalog/product/brilliantovoe-atele_9666909/,269 980
/catalog/product/kolca_9671226/,69 990
/catalog/product/sergi_9196272/,27 990
/catalog/product/pirsingi_2954760/,8 590
/catalog/product/kolca_9343053/,23 190
/catalog/product/brilliantovoe-atele_9495765/,2 157 090
/catalog/product/braslety_9398708/,7 790
/catalog/product/brilliantovoe-atele_9495766/,2 157 090
/catalog/product/podveski-i-kulony_10358138/,13 990
/catalog/product/sergi_9656687/,69 190
/catalog/product/kolca_8740502/,27 490
/catalog/product/kolca_6711623/,6 390
/catalog/product/sergi_9551824/,52 990
/catalog/product/braslety_2208286/,56 690
/catalog/product/pirsingi_9623842/,20 390
/catalog/product/sergi_9551968/,98 990
/catalog/product/sergi_9656689/,69 190
/catalog/product/kole_9655264/,23 390
/catalog/product/sergi_9423312/,299 990
/catalog/product/cepochki_10340167/,94 090
/catalog/product/brilliantovoe-atele_9666914/,134 990
/catalog/product/brilliantovoe-atele_9666910/,134 990
/catalog/product/podveski-i-kulony_3258894/,7 890
/catalog/product/sergi_9423311/,334 990
/catalog/product/sergi_9069951/,34 190
/catalog/product/sergi_9172083/,129 990
/catalog/product/podveski-i-kulony_3258924/,5 490
/catalog/product/kolca_9085136/,68 990
/catalog/product/braslety_2203589/,39 060
/catalog/product/sergi_9229132/,48 990
/catalog/product/sergi_9600645/,59 990
/catalog/product/brilliantovoe-atele_9484044/,285 490
/catalog/product/sergi_9551827/,74 990
/catalog/product/podveski-i-kulony_9035653/,8 390
/catalog/product/brilliantovoe-atele_9484043/,285 490
/catalog/product/kolca_8648127/,5 990
/catalog/product/podveski-i-kulony_2144917/,5 690
/catalog/product/kolca_8706508/,25 890
/catalog/product/brilliantovoe-atele_9666915/,269 980
/catalog/product/kolca_8641914/,54 490
/catalog/product/podveski-i-kulony_9604826/,19 390
/catalog/product/krestiki_2203514/,6 390
/catalog/product/kolca_8741915/,86 190
/catalog/product/kolca_9230139/,36 890
/catalog/product/kolca_9172226/,201 990
/catalog/product/cepochki_10341632/,44 060
/catalog/product/kolca_8927338/,10 490
/catalog/product/sergi_9649567/,116 990
/catalog/product/kolca_9398746/,5 990
/catalog/product/kolca_10373349/,43 090
/catalog/product/podveski-i-kulony_9197542/,5 990
/catalog/product/kolca_8927337/,10 290
/catalog/product/brilliantovoe-atele_9666911/,134 990
/catalog/product/sergi_8871459/,20 190
/catalog/product/podveski-i-kulony_8435760/,6 190
/catalog/product/brilliantovoe-atele_9495760/,544 590
/catalog/product/brilliantovoe-atele_9666908/,134 990
/catalog/product/braslety_9673349/,24 810
/catalog/product/brilliantovoe-atele_9484046/,1 054 290
/catalog/product/brilliantovoe-atele_9495768/,2 157 090
/catalog/product/brilliantovoe-atele_9423619/,435 590
/catalog/product/podveski-i-kulony_9069207/,14 990
/catalog/product/sergi_8470530/,7 390
/catalog/product/kolca_9636646/,10 290
/catalog/product/sergi_3300870/,56 090
/catalog/product/krestiki_9611385/,27 590
/catalog/product/brilliantovoe-atele_9666912/,269 980
/catalog/product/braslety_2210253/,32 390
/catalog/product/kole_9667248/,16 890
/catalog/product/kolca_9724941/,176 990
/catalog/product/brilliantovoe-atele_9484047/,1 054 290
/catalog/product/sergi_6820339/,8 590
/catalog/product/sergi_10329950/,6 990
/catalog/product/braslety_9618155/,79 690
/catalog/product/brilliantovoe-atele_9666913/,134 990
/catalog/product/braslety_6734653/,22 490
/catalog/product/kolca_8525182/,20 090
/catalog/product/kolca_10444625/,179 990
/catalog/product/brilliantovoe-atele_9495761/,544 590
/catalog/product/sergi_9638126/,27 890
/catalog/product/sergi_9196701/,160 190
/catalog/product/podveski-i-kulony_8435757/,5 490
/catalog/product/braslety_2203147/,14 290
/catalog/product/sergi_8893491/,14 190
/catalog/product/brilliantovoe-atele_9495759/,544 590
/catalog/product/kole_9669935/,22 390
/catalog/product/brilliantovoe-atele_9484045/,1 054 290
/catalog/product/kole_10395643/,30 690
/catalog/product/kolca_8648129/,5 890
/catalog/product/sergi_8478951/,33 590
/catalog/product/sergi_9649215/,56 590
/catalog/product/cepochki_10340675/,78 810
/catalog/product/braslety_9637166/,21 090
/catalog/product/sergi_9267479/,93 990
/catalog/product/podveski-i-kulony_9611411/,4 090
/catalog/product/sergi_9636704/,11 990
/catalog/product/braslety_2201885/,32 640
/catalog/product/kole_10100721/,177 890
/catalog/product/podveski-i-kulony_9552006/,5 690
/catalog/product/kolca_9636990/,35 790
/catalog/product/podveski-i-kulony_8520549/,5 890
/catalog/product/kolca_9653502/,73 790
/catalog/product/podveski-i-kulony_8435765/,5 790
/catalog/product/kolca_9678603/,32 990
/catalog/product/podveski-i-kulony_9635922/,26 490
/catalog/product/kole_9669934/,21 690
/catalog/product/podveski-i-kulony_2144629/,4 390
/catalog/product/kole_10311230/,24 990
/catalog/product/krestiki_7569086/,38 790
/catalog/product/kolca_9552200/,14 090
/catalog/product/braslety_2209036/,63 390
/catalog/product/sergi_9653420/,44 590
/catalog/product/podveski-i-kulony_9557114/,64 290
/catalog/product/podveski-i-kulony_2153745/,2 990
/catalog/product/sergi_9724664/,231 990
/catalog/product/braslety_2203139/,36 290
/catalog/product/kolca_9052948/,28 290
/catalog/product/sergi_9682020/,59 990
/catalog/product/krestiki_9228886/,55 490
/catalog/product/kolca_9249791/,49 990
/catalog/product/krestiki_7735260/,21 590
/catalog/product/braslety_2203140/,41 990
/catalog/product/sergi_9611436/,6 990
/catalog/product/kolca_9725263/,197 990
/catalog/product/krestiki_3250811/,11 790
/catalog/product/kolca_9640011/,77 690
/catalog/product/podveski-i-kulony_8591098/,26 390
/catalog/product/sergi_9674972/,119 990
/catalog/product/podveski-i-kulony_2154412/,3 990
/catalog/product/sergi_9766435/,15 990
/catalog/product/krestiki_8596824/,34 990
/catalog/product/kolca_9649131/,36 590
/catalog/product/sergi_9278082/,120 990
/catalog/product/podveski-i-kulony_8945203/,35 390
/catalog/product/sergi_9648483/,66 990
/catalog/product/podveski-i-kulony_8939360/,5 190
/catalog/product/podveski-i-kulony_8435766/,5 290
/catalog/product/podveski-i-kulony_9649885/,70 090
/catalog/product/sergi_8889046/,148 290
/catalog/product/podveski-i-kulony_9302212/,6 090
/catalog/product/sergi_9724887/,224 990
/catalog/product/sergi_9267455/,82 990
/catalog/product/kolca_9643934/,40 590
/catalog/product/kolca_8967721/,54 190
/catalog/product/podveski-i-kulony_8435755/,5 290
/catalog/product/sergi_10339852/,33 990
/catalog/product/sergi_9682067/,59 990
/catalog/product/kolca_9556127/,43 590
/catalog/product/sergi_9765916/,65 990
/catalog/product/podveski-i-kulony_9607649/,16 990
/catalog/product/kolca_9611217/,11 890
/catalog/product/podveski-i-kulony_8852200/,5 990
/catalog/product/sergi_9637335/,39 590
/catalog/product/sergi_9653503/,108 690
/catalog/product/kole_10401901/,11 490
/catalog/product/kole_9552036/,42 990
/catalog/product/sergi_9725312/,251 990
